Question,Answer
"I bought a game, but my PS5 does not recognize it.","Make sure the game region matches your PlayStation region. If it's a digital game, check if it's activated on the correct account."
"Can I return a digital game?","Unfortunately, digital game purchases are generally non-refundable. However, exceptions may apply if the game is defective."
"My game code is not working. What should I do?","Ensure you entered the code correctly, check if it's valid for your region, and confirm it hasn't expired. If issues persist, contact support."
"Do you sell PlayStation Plus subscriptions?","Yes! We offer PlayStation Plus subscriptions in various durations (1-month, 3-month, and 12-month)."
"How do I redeem a PlayStation gift card?","Go to the PlayStation Store, select 'Redeem Codes,' and enter the code to add funds to your wallet."
"Do you offer discounts on PlayStation games?","Yes, we have seasonal sales and special promotions. Check our website or sign up for our newsletter for the latest deals."
"Can I upgrade my PS4 game to a PS5 version?","Some PS4 games offer free or paid upgrades to the PS5 version. Check the PlayStation Store or the game publisher's website for details."
"How do I transfer my PS4 saves to PS5?","Use PlayStation Plus cloud storage or transfer via LAN/wifi connection through the console’s Data Transfer feature."
"What payment methods do you accept?","We accept credit/debit cards, PayPal, and PlayStation gift cards."
"My PlayStation controller is not connecting. How do I fix it?","Try resetting the controller with the small button on the back, then reconnect it via USB. If issues persist, check for firmware updates."
"Do you offer refunds for physical game purchases?","Physical games can be returned within our return policy window, provided they are unopened and in original condition."
"My game is stuck on downloading. What should I do?","Check your internet connection, restart the console, and ensure there's enough storage space."
"How do I get a refund for a PlayStation Store purchase?","Refunds are subject to Sony’s refund policy. Digital content is generally non-refundable unless defective or unused."
"Why is my PlayStation running slow?","Ensure you have enough free storage, restart the console, and check for system updates."
"Do you sell used games?","Yes, we offer pre-owned games at discounted prices. Availability varies."
"Can I cancel my order after purchase?","Orders can only be canceled before they are shipped. Contact support as soon as possible."
"How long does shipping take?","Shipping times vary by location and selected shipping method. Typically, delivery takes 3-7 business days."
"My game disc is not working. What can I do?","Check for scratches or dirt. Try cleaning the disc gently. If the issue persists, test another disc to determine if the console is at fault."
"Do you provide warranties on gaming accessories?","Yes, most accessories come with a manufacturer warranty. Check the product details for specific warranty coverage."
"Can I pre-order upcoming PlayStation games?","Yes, we offer pre-orders for upcoming titles. Pre-order bonuses may also be available."
"What should I do if my PlayStation overheats?","Ensure the console is well-ventilated, free from dust, and not placed in an enclosed space. Consider using a cooling stand if necessary."
"How do I contact customer support?","You can reach us via email, phone, or live chat on our website during business hours."
"Do you offer trade-ins for old games?","Yes, we accept trade-ins for select games. Bring your game to the store for an appraisal."
"Can I play PS3 or PS2 games on my PS5?","The PS5 does not support physical PS3 or PS2 discs, but some older titles are available via PlayStation Plus or the PlayStation Store."
